tailID,V2
483,1806
42,2377
189,797
152,4164
487,8287
721,8941
970,1412
999,676
73,6554
679,9993
50,2336
461,6231
833,7994
650,1470
205,114
500,3018
879,4519
958,5071
946,7944
547,4125
377,167
834,615
667,1636
788,6753
91,9070
584,536
917,4896
45,442
862,7414
599,3880
666,6646
609,8143
131,3370
853,466
502,6521
710,3513
437,5138
146,9618
312,1706
313,8176
627,9885
794,7680
731,9502
576,8929
193,3664
482,9410
241,9037
266,6344
284,7705
846,8017
547,159
851,8079
657,2777
740,7797
694,9959
232,8875
391,5572
444,9368
944,8146
653,3032
995,5055
532,4766
560,350
917,5860
488,6086
988,3450
894,1925
676,1171
173,2368
97,5296
322,4778
742,5386
202,494
401,7280
628,9445
228,8290
468,4881
283,8960
415,5777
23,6791
559,2002
38,2074
516,3514
917,4986
464,4784
130,2383
569,346
178,7901
637,1309
388,8666
783,5237
65,310
95,9300
972,7305
274,1265
843,5420
43,5139
849,3496
354,1940
579,5723
159,1468
129,8239
794,4688
982,6641
852,8567
765,7302
272,1675
11,8987
962,3905
856,6816
837,7130
660,5072
179,3561
318,8466
505,4111
796,4004
751,5865
249,9063
434,9766
369,6303
841,6044
184,9553
331,8926
693,4826
277,8414
875,7898
853,2836
985,2813
592,6464
518,9942
845,6184
717,7137
84,9068
426,6479
825,2426
428,2309
552,2697
767,7354
768,9697
88,2937
987,6308
794,674
910,5932
298,2431
446,3103
454,1390
123,7472
484,8795
790,7008
819,6572
909,7251
654,4827
376,4871
416,1834
737,5399
524,810
316,260
942,6261
374,6654
916,7046
218,9312
628,910
651,411
648,438
46,7919
536,8927
173,3338
931,6739
436,9087
417,4079
299,7517
772,4268
902,6517
335,4614
750,3001
178,9359
116,3906
873,4873
298,8427
714,976
837,6276
162,534
547,2783
591,383
452,8535
651,2143
105,8487
97,4676
732,2296
328,6075
793,9743
715,6627
145,123
809,3959
521,1178
105,5753
955,3175
988,3883
675,8792
805,7442
838,8353
686,8901
158,6610
661,7321
299,3086
430,7593
913,3485
232,8822
263,8095
620,6901
246,8285
456,8464
893,3129
906,893
701,5129
625,2101
350,1063
143,1669
427,4853
465,3480
356,4020
436,5137
760,3406
734,9617
663,5767
51,2566
487,3487
59,86
111,1518
365,9973
424,5971
127,5818
682,4460
706,3014
530,8497
821,2216
609,6951
540,2647
295,3823
340,3678
250,7938
737,5526
107,2323
477,6806
678,2672
583,1869
500,6000
865,1510
994,5982
948,4849
804,5227
19,9931
776,9606
561,732
3,3583
383,401
270,8689
369,7873
609,4608
408,3283
497,2534
493,4621
724,8265
44,9830
383,2991
105,239
440,4225
403,2396
641,8087
729,8740
913,7110
346,7287
103,4496
149,9096
695,15
832,3515
499,2280
182,6172
716,9453
71,6343
289,4356
522,7665
571,3242
68,7257
19,304
230,1629
111,5059
880,3868
987,1895
120,4468
586,3369
523,2795
89,8783
451,5852
444,1327
621,3962
565,3945
348,6635
859,8555
525,2899
410,2086
756,1128
672,5413
598,1583
775,5492
716,6274
981,1621
218,2630
117,4441
618,4278
426,2511
510,268
70,1613
220,7527
641,1205
604,2294
6,6046
849,9164
490,1286
133,3623
128,9150
330,2330
413,9434
664,7555
330,2135
876,2765
947,2679
358,2695
461,7469
513,4284
242,271
49,1034
995,7720
676,5425
927,5739
364,9168
861,8007
435,5260
850,5035
551,3314
934,6851
986,5737
68,1854
473,6721
839,4336
524,1294
600,5671
987,5874
214,5773
722,5089
187,4815
476,5556
127,3791
13,9148
360,4705
888,4161
201,7923
602,8944
72,9505
749,3065
292,535
277,5871
306,3907
771,960
687,129
416,1775
566,4746
145,8070
42,5458
259,9863
526,37
540,4302
821,3111
4,6195
486,2637
34,4112
769,4394
350,9652
571,922
284,8760
189,169
14,6994
562,7043
560,1563
879,8083
452,3953
226,9787
776,8651
406,3542
178,1873
419,9049
777,6192
49,1275
405,4363
404,7807
434,6299
414,8082
45,1831
612,3029
463,3176
413,3969
643,592
883,9878
483,498
758,5234
980,2141
545,7266
130,3532
592,4130
169,5581
192,3605
247,7682
709,8712
823,9354
840,7990
974,8026
665,2358
296,440
351,2170
500,1027
986,9919
459,3657
598,7765
791,9549
329,2924
516,7210
68,329
614,4937
988,3531
892,6598
343,984
869,2299
185,6223
760,2017
280,2490
160,6830
924,6281
134,1631
228,762
696,8231
110,6487
155,7669
170,2908
491,4516
390,9291
444,3964
46,3504
77,3890
365,9986
199,7100
796,6795
616,8168
718,7498
615,1778
5,926
138,2841
519,6144
566,5704
223,5350
197,163
9,2940
692,6001
280,5329
725,5359
88,6756
365,724
764,9577
19,9204
551,5283
701,9690
903,8416
488,8883
125,4378
763,1508
137,2533
34,4594
425,5934
730,6529
122,1420
507,3344
269,4966
794,9807
333,219
526,7333
105,8509
650,5579
273,9667
521,3076
880,3572
891,8101
352,6201
558,7578
258,8732
21,8844
702,1232
249,3430
767,4642
37,1625
542,4199
208,6171
921,2497
634,4325
839,6796
756,4996
228,4022
512,821
212,2328
558,9219
545,2972
137,5833
98,326
737,5575
715,2664
840,1115
108,3198
883,6869
375,8836
866,8228
235,5151
360,4605
76,4583
525,6638
594,3688
270,1885
373,9728
296,3704
864,5836
777,7986
916,9980
605,4322
880,1481
931,9747
835,4603
10,4192
118,3564
314,5053
604,9854
373,4586
1,4682
695,3967
12,2241
566,3620
50,5445
600,8831
706,9432
781,2503
335,385
515,3170
434,8681
382,1237
293,8488
276,5349
817,5924
296,6366
368,2039
878,5477
586,8196
460,4044
253,9317
503,7249
694,4822
44,818
332,4529
481,1297
520,4391
137,4175
144,9686
315,854
420,9392
206,3098
64,4047
630,5811
793,7805
216,67
177,6251
286,6995
468,5738
744,8329
372,9814
966,4303
54,9755
810,7707
156,5798
701,5778
785,7644
613,3031
324,5149
518,4903
245,7373
556,3856
935,2717
328,1356
982,4867
763,207
647,1739
347,228
254,7349
647,2457
382,201
259,3603
521,7750
731,6746
182,6992
569,3360
934,6109
272,8053
540,9187
61,1479
40,9996
468,9684
107,8393
824,8386
992,6402
559,7450
94,5303
648,3351
48,9892
668,4562
269,8550
337,4350
308,1953
609,8517
461,7234
259,9944
537,6252
276,8599
696,40
82,5698
731,6138
742,2187
780,6578
877,4698
305,9230
458,581
95,9277
370,8963
993,6376
4,8354
599,8905
618,6216
25,6659
27,4678
468,5755
542,7900
809,30
527,5877
320,1759
843,958
748,6736
872,7969
932,628
633,2772
979,8827
756,5637
447,7072
213,522
47,5466
625,744
143,7809
432,3433
844,6010
791,4770
215,9680
986,4931
736,5839
251,7903
904,7473
880,1090
282,2690
502,6946
324,7015
823,3797
555,1812
812,8494
218,4435
398,196
712,2371
904,9218
968,3474
323,9423
589,8723
414,7571
536,907
114,9605
140,7544
490,2432
725,7673
417,493
515,1405
19,6920
287,9578
799,5961
359,4957
768,5988
717,4257
625,1987
555,4522
909,9369
832,943
544,4651
782,8935
958,7802
590,6765
909,815
617,9082
133,9397
879,2642
308,8266
353,7859
193,9834
107,8696
399,8208
791,5410
379,7482
513,7699
13,4768
486,4497
964,9977
569,291
567,8639
386,8322
623,7284
600,4275
396,7955
657,9665
78,210
335,7101
46,1514
380,8192
772,3090
44,8469
38,8472
994,6952
737,9679
582,433
303,8780
183,7313
908,8914
77,1110
32,6958
369,9610
256,188
248,1471
615,1826
50,7912
249,8615
480,4790
513,4321
954,5554
396,1140
960,2417
994,6485
67,8580
882,7602
927,1303
618,6548
611,5273
132,4728
681,4382
301,8245
797,9607
508,9738
470,7586
71,8908
206,4396
906,156
164,9411
259,5691
482,2060
241,9440
487,9917
209,7714
373,5319
846,9700
526,2869
421,2504
267,5292
94,1023
136,9839
130,4428
947,3757
468,606
145,4976
11,43
506,9581
271,4538
460,3292
997,392
531,377
133,1076
974,3855
734,9715
31,5901
183,7655
518,2520
521,6480
381,1248
927,7670
260,8048
428,1690
627,1542
441,2680
619,1410
762,1227
266,4963
867,2076
879,4400
228,3963
374,5128
753,8052
163,7731
415,2232
667,885
307,3077
632,918
908,9710
379,4589
129,1926
386,2691
525,899
512,5553
717,2022
316,4595
565,6495
353,363
150,9461
708,4662
93,7732
662,9210
198,9093
701,1357
282,7589
183,9145
27,726
464,1343
555,6978
535,6489
87,6688
791,4492
725,718
359,1121
749,3739
390,9034
928,5868
177,8257
49,633
279,6442
893,8037
294,7706
430,2894
748,238
309,9465
96,4484
219,5380
208,4252
877,9323
772,7071
946,5453
165,1522
326,1975
673,8574
96,3792
328,5621
898,3021
250,4818
288,2346
65,1071
750,8928
659,7759
34,7053
349,7852
85,1255
709,223
766,1517
406,8069
798,6115
431,7882
291,4369
931,9873
181,624
93,948
529,4204
681,1114
713,3287
117,4408
204,8513
755,6583
823,985
989,5991
90,6234
917,9534
373,6362
460,5809
41,3164
706,4552
711,4103
363,4581
891,32
622,9196
835,6357
654,5385
547,3589
892,669
582,7366
787,1493
182,2414
2,5044
267,8181
891,6426
800,367
824,1310
786,7345
267,5825
441,5774
812,7833
384,942
546,9249
259,9381
331,406
523,2302
320,9721
203,5262
65,9195
611,1688
300,7415
766,6683
287,694
480,376
337,5749
843,7409
62,1693
407,7922
309,4306
850,1996
431,7819
463,5630
291,8366
812,5225
489,2878
854,6132
998,728
489,9162
53,2184
78,5058
185,7218
555,862
788,4829
250,2935
399,1307
107,2404
658,4473
708,4537
840,5663
270,571
841,2410
436,9998
647,5408
502,6644
481,9643
816,2982
982,1073
17,3818
62,1988
356,9759
433,6099
50,6622
993,7096
75,6900
18,525
327,4220
478,5339
668,3746
210,1881
170,5896
434,4620
467,5960
990,6167
425,4357
548,292
724,8325
371,121
606,5460
348,6240
470,6834
635,8931
970,9950
137,8867
774,7488
714,8012
397,7151
519,2226
234,8036
964,7760
806,6652
781,4344
746,2891
224,4064
428,4708
854,3519
741,4695
axw,6417
cdb,716
bqx,5849
vdf,1646
jff,4904
xju,1318
tfa,7888
nhr,6937
hjp,9016
qpx,4021
gpw,3609
zwm,3073
hsg,399
kod,3547
lle,1328
vwu,8630
gbi,7082
mqw,2054
qcf,3394
gkl,6526
who,6273
smj,8882
txq,1212
abh,9475
fgp,7857
rxa,1210
zfs,8000
odv,7770
ylv,7042
qqn,7490
dqc,1595
okq,696
zws,3879
nqf,1189
qua,559
ftu,8694
vvr,7
fmn,3317
gmq,492
cje,7270
lru,9083
pob,6547
ypf,1301
hzg,6675
ryt,6306
dwr,635
bpc,2684
hei,2443
lmm,7353
lqb,1523
chh,9061
nde,738
dsb,6906
qex,2067
ohs,9727
gcz,8744
isc,7927
liv,2543
jgt,7693
qnr,7296
rol,5426
hfd,2917
xzl,3452
rau,8890
oih,2207
nlc,9794
qig,4936
lcn,1611
umh,668
mbc,7502
m,2,1999
izn,3126
hih,3387
trc,9343
iqv,5712
fzr,2140
jbc,3162
yid,9371
jxr,7073
hni,462
kjn,4590
lto,4576
nnt,4224
zls,8594
btl,3092
ufh,514
gir,454
sok,3669
jhg,9563
eop,6160
luh,2592
sxe,9539
zsn,9908
oby,3072
uvf,6747
q’d,23’,9
pch,8991
bwz,7603
rrb,7654
cmm,1486
ebv,3368
aex,1147
qmy,2532
ktc,3464
tcv,3397
ogq,4200
hyy,7441
lzg,6672
fse,2350
gul,4029
kru,2475
nta,3183
wab,7154
rnj,6169
uus,4015
kco,6692
tog,6515
acn,796
rwi,5064
jyh,6385
hsq,116
aeh,6063
gmv,9171
qtc,2464
sdp,283
mdy,3099
hbh,4769
gns,8091
kky,5175
grx,9565
oob,6246
hbk,9501
xbv,9199
lpv,8331
arb,2071
fqw,1336
mea,5400
qfy,6749
ewu,9290
xty,2890
oax,7297
ish,8174
zbi,5604
uqi,5583
ylf,8955
ktq,8412
zoy,4367
ojs,5047
cvv,1377
rpj,9079
pmj,2488
vvi,1728
nsi,7884
clj,967
ifw,4119
zrf,7614
vhe,8984
chf,4163
atq,165
eok,3002
rdx,1263
ajw,5396
zpi,7394
mmd,9910
gcn,3442
msz,3902
rax,6890
iph,6313
hdf,1366
cpb,4471
flc,4371
dqg,1991
eia,7032
buk,9090
kxf,4764
xqb,1717
akg,1650
ycy,1180
shm,2020
yfu,315
fvb,866
hmi,5433
dfv,119
dop,9626
jdn,316
dcz,9160
wrf,1338
tpt,6181
sah,4495
ugp,1512
yii,4546
wet,4740
glg,3255
kfy,6722
cfe,6253
eex,2154
oab,2153
dpf,6718
ula,3652
ruu,3615
vjp,9010
xlr,3892
gao,6409
tgo,1352
gtk,5942
edx,9793
cpz,4883
nmt,9683
sdv,6481
bjz,9488
vde,1150
axj,8262
laj,9875
cab,4524
tpq,3374
hjp,6484
ycs,2807
kpx,8704
trl,241
pnp,7790
npd,6563
drm,3271
lak,6566
qzy,9308
usa,1860
gno,3916
slm,5766
jae,7846
lbv,6719
cyb,2955
nru,6984
wzt,616
yns,5920
gen,8055
hhm,4736
uwt,4571
aoh,8502
qmt,1886
vih,4025
gpc,5351
wnh,7636
wjo,3053
jdk,6082
vbh,2169
len,6424
jtd,2753
imk,4564
qtr,4731
vut,7016
lwy,3946
phj,6260
qqa,3819
rcg,7164
wrq,7091
jmi,2119
fkx,9132
kyd,8540
cgh,5066
srb,8980
jvn,5894
dfj,6378
zqs,249
psi,6243
quw,298
yej,7871
bcv,3642
kta,7860
ovc,7880
bgi,7199
spo,8191
wrl,9361
imt,1968
uzo,2312
quo,7595
jqi,4202
ran,4491
yux,7214
qka,4327
myu,8697
rgw,9517
zvc,9641
ezv,7861
uwq,7068
cnr,332
dtt,9921
nsz,9616
zlk,3841
ixd,8112
yzl,5105
pml,5275
csj,1004
pyg,4573
wei,2063
syt,6508
rnt,4100
qmg,2419
wrc,9706
qly,171
wvc,9708
ovc,5323
xpp,4816
qgg,9468
pna,3897
jio,5684
eqg,6341
zbi,1489
slc,6617
bsx,4969
qog,2901
jui,6117
thq,2944
hva,1663
eyt,5751
xpu,5061
uae,7566
gbf,9881
tdr,269
zwi,2536
uzw,8648
qyj,5539
nxr,7532
zhi,5731
jxe,8777
aav,8787
gnt,8673
zav,168
cvg,5652
pvd,4098
uug,7361
nsr,5699
cuf,5427
rde,1850
gys,9257
hqj,4807
vkj,4593
ihz,9438
blr,8406
ola,8448
qvn,3094
qyp,5813
nxj,700
tqw,908
wrr,3502
reb,9276
kuc,4618
hfe,777
els,9304
lis,7622
pks,7434
moo,6616
juz,1757
qjt,6483
fnw,7034
oaj,6318
sgx,5088
hix,755
bzc,1908
xpg,447
flg,4652
ery,7681
uoo,9735
vfr,9911
wrk,8833
hbg,7443
thn,709
ckg,5102
ent,8495
zrh,8847
dwa,8655
nev,9504
dyy,9946
jgi,4757
pdx,1862
kaq,8380
exx,452
rtm,4292
mhv,6050
ygj,2681
vdh,9216
kca,6732
sli,5990
ltv,4247
iyv,2224
smo,2152
cac,4952
woh,916
nog,1022
epu,8447
ogy,2197
wuc,8160
nqi,2584
jkr,8332
dvk,5913
ten,9719
qmg,6575
qxd,5347
gtu,8678
tvo,8015
ohk,4919
evc,4690
bos,2870
dpi,5404
fej,3508
soo,9236
thv,5220
zyq,9600
ffq,6020
fyb,3295
ejh,8809
xae,6711
sli,3456
vfm,3520
sod,8793
wel,6763
euw,4450
jdg,29
sgz,5509
mrg,9126
shf,5835
wpm,519
jmf,8713
akx,3656
kjn,9827
tme,3220
ayu,9810
vzv,7877
iwh,4629
ide,1664
roc,7945
nxv,126
jyc,7540
vhq,1525
ibi,6
vib,5045
elw,4035
lwm,532
mei,1971
qpm,5746
nym,1278
qgh,9322
xwb,3422
fau,2750
jdp,730
squ,1607
pot,4172
moi,6200
fmc,8605
uri,8399
mcv,9383
uvo,8837
zqc,8475
pjg,4421
izt,4270
bfj,4361
xeq,9400
blr,3147
xhq,5249
qlu,3343
zgi,2623
los,2238
fvq,1041
kxu,7932
gnn,236
jhu,8547
beh,9330
jvt,8018
mhh,2835
bgs,8617
xss,2812
jzp,9048
tnf,2631
bxd,9880
icn,6716
hia,267
apg,620
zrj,5890
pfv,2943
mom,9476
vbs,1204
lqg,192
kpm,4862
klq,7701
rhx,8544
guh,7957
uij,911
lzi,3627
mil,9303
hyh,2967
mhq,8276
aop,4991
qxk,1549
egr,3889
gxs,2981
mof,5623
erb,4226
pqq,7066
bzk,6114
erw,4681
xtb,8027
qsj,5651
vyj,1439
cpa,4155
hqr,2510
pji,1181
etw,5667
vig,1939
fjd,577
sqd,7700
bwr,4641
xdv,7640
atx,3733
bts,4870
lxw,1818
wqb,6670
avk,5214
yud,6564
bkp,2860
fck,5641
shh,2038
xtf,8709
fff,7187
odr,1634
sut,6036
knz,587
clx,4985
hkc,1906
zeu,1905
cua,4404
rec,4913
ljb,4568
til,405
zhe,2289
vsg,3301
hhl,3655
atc,1100
lbb,3218
uxp,5882
mvg,4544
tgj,1184
osg,8110
uua,1704
pnp,3789
fog,7350
lsv,6876
dow,980
min,4836
edl,7292
yhu,8815
wwp,2764
rho,1024
mhe,4407
yoo,6955
biv,972
oxo,8843
qvf,9548
tzb,3915
tsi,3495
ioy,1730
wvg,3568
clp,4861
nrn,6443
qqf,9316
dhb,1280
bmu,3040
khi,9388
wzj,2513
vea,897
odd,3736
rnj,930
fbl,8004
ysk,6750
qge,5531
zbo,6226
pgf,5656
wmp,2424
qlj,3876
fnl,1576
jqj,45
akd,2103
mie,4181
ton,2386
xkp,3544
lid,2263
wzz,6678
bdn,5281
bbp,9778
ozp,3408
jkn,530
dee,1070
uea,1973
uaf,3875
cai,3721
oet,9251
gad,1097
kif,1858
uwm,9848
wui,719
rlj,5078
cap,7739
shc,6786
mvb,8778
zso,7721
xtp,2389
xmr,9837
wrx,1794
daz,5136
ver,5452
iri,555
wpd,1825
ukp,8906
tts,2820
yet,6918
ktz,4551
uta,2199
qhg,7474
oaj,4509
ljz,2889
rmx,6755
mjw,2830
dht,3543
vuo,1829
hbu,3298
nhn,906
msx,701
dtm,8320
emq,477
kys,7157
bhc,153
rkb,1195
rwj,4865
sqd,2945
ejo,7672
ror,5866
yyz,1400
emn,1746
xvq,3954
qcc,8401
sgq,2733
dgx,8690
ycx,4135
bsq,9926
xgd,2449
isp,482
aof,3339
qrk,9981
ldd,3425
yyg,3383
kxu,8360
jrq,5131
pyf,7417
crs,8724
egw,414
xup,7385
fdo,3672
ksm,4248
hhq,2466
mdu,2021
lkn,845
bpx,5683
vxc,5418
dsj,2514
fnp,5488
cyr,7973
kmp,7419
ung,1716
ykt,3070
eow,6476
tdi,7949
jyl,3251
acd,6238
ydu,5412
fys,3812
dwb,8251
hcy,3936
wvb,8623
cei,5622
ntc,2579
vat,8314
ujd,7832
zxy,4911
rbz,1696
ffl,7063
mwe,1066
bow,8675
uim,1880
tsg,7834
wsb,5387
jei,8912
wob,107
aon,6259
bti,6961
xce,2719
gbi,8873
shz,6363
qbt,3116
dzv,1201
eep,6218
amk,2380
zal,6198
mrr,542
rbl,5335
jwv,6121
mcm,9515
pnt,4706
pto,1932
sbl,1148
lyi,6347
smx,8297
zht,801
yty,7449
acd,4412
zpo,6803
jgb,8757
qdg,7191
qae,7598
jcl,6516
odq,6744
aay,3148
bjq,7591
ujo,8668
was,441
qey,3075
rmh,1597
vst,1078
mvt,4203
nzb,3178
ntg,3769
wyw,2582
adj,5176
xqe,6865
jwe,443
alc,6811
jmw,7025
xej,7847
omo,816
nfh,8511
ncz,5889
thc,7712
yaj,9551
gcv,7747
cgg,8046
fqw,1159
pau,5736
hmz,407
qfh,9566
lwq,2480
czd,9750
wsg,9455
iod,1256
voe,2523
maq,9859
aqp,4926
zgm,5782
qwo,8717
gnp,7984
ocd,303
nun,1684
inl,2262
hdv,9064
fao,1843
fzn,4402
res,1614
fwy,7144
dcp,8313
vlv,4950
ljc,2045
pyw,4542
brq,7803
wwz,2781
giz,2251
fon,8692
gee,2643
fdj,9897
sce,9639
hcn,9744
qit,5110
lkv,9169
cgo,9467
xpw,6643
bma,151
mcy,1914
jic,453
xdv,2517
hoc,3758
irp,7516
wcg,5463
bvx,6848
nfv,2713
jkn,5409
dbo,5357
ofl,9887
rkk,3748
wet,9190
qls,248
dww,8187
bgk,1395
yfq,2123
rts,3234
wav,6128
vqn,4504
jnh,5939
ilp,2976
emf,2975
lvm,3994
ufo,8633
ggn,5121
mwf,3847
krb,3128
dna,5515
jmv,5483
aqa,3366
avn,8073
olw,4948
zed,642
tda,7237
zzf,9938
dwe,6403
jdp,6203
urp,1190
njc,7703
okr,4587
nwe,9585
tsl,8923
deq,8166
ghu,5
mes,932
usj,7383
xqi,3799
ouy,8049
btp,8125
sjy,6844
yde,9026
gnp,2828
chx,1337
edh,7246
wbw,2729
hbx,3465
cgw,1182
sjt,5780
zmb,4126
dre,42
trr,8096
zqc,6576
asm,6066
xek,7477
rpm,7201
nns,2274
oqb,4324
emr,3315
xkj,4683
pdo,7277
drd,9247
hxw,6655
mqt,517
tqm,5524
knv,3756
oqf,1415
blt,5508
vgw,1916
urh,2604
ava,2607
srp,3045
gxx,1062
zer,3035
guh,7841
kxi,2752
wwy,5365
xby,769
fmy,7575
uhz,9334
cwk,6185
jqa,2742
jtv,3986
pbk,4432
aqr,6247
sbx,2445
dwy,7743
tfn,4947
ypa,8424
vup,6079
znc,6467
ohv,3702
iuc,22
roz,6490
bcu,9191
dmd,549
fcp,7161
sxv,8922
ydy,9
mzv,2712
qhw,3991
mmk,4486
vhv,8063
pzz,9970
xua,8211
nia,2165
kzs,1884
pyr,6981
xhe,8627
ccw,2230
ysa,8003
krd,8068
mbs,894
xct,2918
gcs,715
wdo,2632
zcx,5268
hka,2027
aiv,3937
iov,4160
acu,287
qnr,3573
jpz,2105
exv,2528
zoe,2132
hsm,550
fnh,9492
nae,957
sdx,6134
tno,7723
xhn,8710
eli,8643
ctv,3400
foi,9223
cam,9828
asx,4048
tsh,683
ozy,3168
dzq,3689
jwe,3407
rld,1649
blz,3550
yed,7677
tva,4346
wng,9176
pii,5148
luf,2335
lzw,6850
ngu,1513
pwe,9237
oqm,768
rae,829
kbn,2177
sxf,8677
ufo,7934
kkl,6799
itg,5727
boh,6734
ioa,1723
wqh,3112
uoo,5211
hbk,4566
akf,450
riv,5254
czz,313
zmz,4472
nai,1999
yhw,5043
xwa,6594
ddy,7319
mmn,6979
mnl,9385
zlw,2425
afe,6966
cdl,6524
iba,9128
sau,8422
ipu,1089
jbc,4374
hmx,7083
kiy,4722
sja,4514
bsp,1192
wvj,1780
dth,2239
rpy,5861
ush,672
fyx,4283
gkw,6037
yly,6883
rws,8092
msq,2649
tbo,386
rlb,2256
ilz,6206
hff,7645
rha,7240
ddb,9732
myy,6122
dhs,6932
ubo,756
kbo,852
xmf,8141
vur,6431
gvc,7504
faf,1959
qbj,7728
myo,9146
pqp,2499
mkz,288
dss,819
pjx,8811
